[
  {
    "name": "APIGateway",
    "version": "0.0.1",
    "description": "网关",
    "initializerClass": "com.aliyun.iot.industry.sdk.delegate.APIGatewaySDKDelegate",
    "initializedInUIThread": true,
    "needIoTToken": false,
    "opts": {}
  },
  {
    "name": "OA",
    "version": "0.0.1",
    "description": "OA 登入",
    "initializerClass": "com.aliyun.iot.industry.sdk.delegate.OpenAccountSDKDelegate",
    "initializedInUIThread": true,
    "needIoTToken": false,
    "opts": {},
    "ui_config": [
      {
        "activity": "com.aliyun.iot.industry.page.main.OAResetPasswordActivity",
        "layout": "kinco_ali_sdk_openaccount_change_password2",
        "is_select_mobile_country": "false",
        "params": {
        }
      }
    ]
  },
  {
    "name": "credential",
    "version": "0.0.1",
    "description": "IoT 验证",
    "initializerClass": "com.aliyun.iot.industry.sdk.delegate.IoTCredentialSDKDelegate",
    "initializedInUIThread": true,
    "needIoTToken": false,
    "opts": {}
  }
]
