{
    "name": "HomeModule",
    "alias": "首页组件",
    "desc": "描述",
    "version": "版本",
    "target": "com.aliyun.iot.commonapp.component.HomeComponent",
    "pages": [
        {
            "name": "首页",
            "method": "toHome",
            "url": "ldpapp://home",
            "args": []
        }
    ],
    "actions": [
        {
            "name": "初始化首页",
            "target": "com.aliyun.iot.commonapp.component.HomeComponent",
            "url": "ldpapp://home/view",
            "method": "getView",
            "args": {}
        }
    ],
    "sdks": [
        {
            "name": "account",
            "version": "0.0.3"
        },
        {
            "name": "apiClient",
            "version": "0.0.3.1"
        }
    ],
    "opt": {
        "homeModuleMainList": [
            {
                "homeModuleMainPageIconURL": "http://iotx-moldev-center-daily.oss-cn-beijing.aliyuncs.com/file/default/1547292359395_809a2dcaf0c8c2ad9587437c7a48665b3431.png",
                "homeModuleMainPageTitle": "OPL1000 智能称",
                "homeModuleMainPageDesc": "scaler",
                "homeModuleMainPageLink": "http://plugin.vapp.cloudhost.link/pluginid/a126tz9P9qwasIyw/a125GLfqNOOrl9tc"
            }
        ],
        "homeModuleQRScanEnable": false,
        "homeModuleAddDeviceEnable": false
    }
}