{
    "name": "HomeModule",
    "alias": "首页组件",
    "desc": "描述",
    "version": "版本",
    "target": "com.aliyun.iot.commonapp.component.HomeComponent",
    "pages": [
        {
            "name": "首页",
            "method": "toHome",
            "url": "ldpapp://home",
            "args": []
        }
    ],
    "actions": [
        {
            "name": "初始化首页",
            "target": "com.aliyun.iot.commonapp.component.HomeComponent",
            "url": "ldpapp://home/view",
            "method": "getView",
            "args": {}
        }
    ],
    "sdks": [
        {
            "name": "account",
            "version": "0.0.3"
        },
        {
            "name": "apiClient",
            "version": "0.0.3.1"
        }
    ],
    "opt": {
        "homeModuleMainList": [
            {
                "homeModuleMainPageIconURL": "http://iotx-aep-img-prod-oxs.oss-cn-shanghai.aliyuncs.com/DE9B1438510D487BA80774EC618C7101/images/test-1551167288598.png",
                "homeModuleMainPageTitle": "温度传感器演示",
                "homeModuleMainPageDesc": "temperature",
                "homeModuleMainPageLink": "http://plugin.vapp.cloudhost.link/pluginid/a126mXVHpTFndUg7/a125cN8I9cxkrki9"
            }
        ],
        "homeModuleQRScanEnable": false,
        "homeModuleAddDeviceEnable": false
    }
}