[
    {
        "name": "apiClient",
        "alias": "API  通道",
        "doc": "/mobile-doc#mobile-sdk-android-api-client.html",
        "classFiles": [
            {
                "className": "com.aliyun.iot.aep.sdk.init.APIGatewaySDKDelegate"
            }
        ],
        "opt": {
            "china": {
                "hosts": {
                    "test": "api-performance.aliplus.com",
                    "pre": "api.link.aliyun.com",
                    "release": "api.link.aliyun.com"
                },
                "language": "zh-CN"
            },
            "singapore": {
                "hosts": {
                    "pre": "api-iot.ap-southeast-1.aliyuncs.com",
                    "release": "api-iot.ap-southeast-1.aliyuncs.com"
                },
                "language": "en-US"
            }
        },
        "version": "0.0.3.1",
        "desc": "API  通道  SDK  是  IoT  官方服务的  API  通道。  API  通道  基于  HTTP  协议，并通过整合安全组件来提升通道的安全性。",
        "sdk_id": 16,
        "isDefault": true
    },
    {
        "name": "account",
        "alias": "账号",
        "doc": "/mobile-doc#mobile-sdk-android-account-sdk.html",
        "classFiles": [
            {
                "className": "com.aliyun.iot.aep.sdk.init.OpenAccountSDKDelegate"
            }
        ],
        "opt": {
            "sgp_host": "sgp-sdk.openaccount.aliyun.com",
            "oauth_consumer_key_test": "",
            "oauth_consumer_key_online": "",
            "oauth_consumer_secret_test": "",
            "oauth_consumer_secret_online": "",
            "supportAliYun": "false",
            "ui_config": [
                {
                    "activity": "com.aliyun.iot.aep.oa.page.OALoginActivity",
                    "layout": "ali_sdk_openaccount_login2",
                    "is_select_mobile_country": "false",
                    "params": {}
                }
            ]
        },
        "submodules": [],
        "version": "0.0.3",
        "desc": "账号和用户  SDK，提供账号能力，包括注册，登录，登出，获取账号，会话管理，人机校验，UI定制，以及基于  iotToken的用户身份认证功能。",
        "sdk_id": 17,
        "isDefault": true
    }
]